,lesson,en,es,fr,zh,de,ja,it,nl,ru,pt,ko,el,ar,he,th,ln,ta,hi,pl,tl,sv,ro,no,tr,fi,fa,da,in,cs,hu,be,uk,am,sw,bg,hr,eo
0,1010,Animals,Animales,Animaux,動物,Tiere,動物,Animali,Dieren,Животные,Animais,동물,Ζώα,الحيوانات,בעלי חיים,สัตว์,Animalia,விலங்குகள்,जानवर,Zwierzęta,Mga hayop,Djur,Animale,Dyr,Hayvanlar,Eläimet,حیوانات,Dyr,Binatang,Zvířata,Állatok,Жывёлы,Тварини,እንስሳት,Wanyama,Животните,Životinje,Bestoj
1,1020,Plants,Plantas,Plantes,植物,Pflanzen,植物,Piante,Planten,Растения,Plantas,식물,Φυτα,النباتات,צמחים,พืช,"Herba, Planta",தாவரங்கள்,वनस्पति,Rośliny,Halaman,Växter,Plante,Planter,Bitkiler,Kasvit,گیاهان,Planter,Tumbuhan,Rostliny,Növények,Расліны,Рослини,ተክል,Mimea,Растенията,Biljke,Plantoj
2,1030,Human Body Parts,Partes del cuerpo humano,Pièces de Corps Humain,人體結構,Der Menschliche Körper,人体の部分,Parti del corpo umano,Het menselijk lichaam,Части тела,Partes do Corpo Humano,인체,Τα μέρη του ανθρώπινου σώματος,أعضاء جسم الإنسان,גוף האדם,ส่วนต่างๆของร่างกายมนุษย์,Articuli Corporis,மனித உடல் பாகங்கள்,मनुष्य शरीर के विभिन्न अंग,Części ciała człowieka,Mga bahagi ng Katawan ng Tao,Kroppsdelar,Părți ale corpului uman,Kroppsdeler,Vücut Organları,Ihmisen ruumiinosat,اعضای بدن انسان,Menneskets kropsdele,Bagian Tubuh Manusia,Části lidského těla,Az Emberi Test,Часткі цела,Частини тіла,አካል,Viungo vya mwili,Частите на тялото,Dijelovi ljudskog tijela,Homa korpo
3,1040,"Life, Age","Vida, Edad","La Vie, Âge","生活, 年齡","Leben, Alter",人生、年齢,"La vita, l`età","Het leven, Leeftijd","Жизнь, возраст","Vida, Idade",인생과 나이,"Η ζωή, Ηλικία","الحياة , العمر","חיים, גיל",ชีวิต อายุ,"Vita, Aevus","வாழ்க்கை, வயது","जिदंगी, उम्र","Życie, Wiek","Buhay, Edad","Livet, Ålder","Viața, vârstă","Livet, Alder","Hayat, Yaş","Elämä, Ikä",زندگی، عمر,"Liv, Alder","Hidup, Usia","Život, Stáří",Életkor,"Жыццё, узрост","Життя, вік",ሕይወት,"Maisha, miaka","Животът, Възрастта","Život, dob","Vivo, Aĝo"
4,1045,Family,Familia,Famille,家庭,Familie,家族,Famiglia,Familie,Семья,Família,가족,Οικογένεια,العائلة,משפחה,ครอบครัว,Familia,குடும்பம்,परिवार,Rodzina,Pamilya,Familj,Familie,Familien,Aile,Perhe,خانواده,Familie,Keluarga,Rodina,Család,Сям`я,Родина,ቤተሰብ,Familia,Семейство,Obitelj,Familio
5,1050,"People: Relatives, Friends, Enemies…","Gente: Parientes, amigos, enemigos...","Les gens : Parents, Amis, Ennemis...","人們: 親戚, 朋友, 敵人...","Menschen: Angehörigen, Freunde, Feinde…",人々: 親類、友人、敵など,"Persone: Parenti, Amici, Nemici…","Mensen: Familie, Vrienden, Vijanden…","Люди: родственники, друзья, враги...","Pessoas: Parentes, Amigos, Inimigos...",사람들,"΄Ανθρωποι: Συγγενείς, φίλοι, εχθροί...",الناس,"אנשים : קרובי משפחה, ידידים, אויבים",คน: ญาติ เพื่อน ศัตรู,"Homines: Propinqui, Amici, Hostes…","மக்கள்: உறவினர், நண்பர்கள், எதிரிகள் ...","लॊग: रिश्तेदार, मित्र, दुश्मन…","Ludzie: Krewni, Przyjaciele, Wrogowie...","Mga Tao: Kamag-anak, Kaibigan, Kaaway","Människor: Familjemedlemmar, Vänner, Fienden…","Oameni: Rude, prieteni, dușmani…","Mennesker: Slektninger, Venner, Fiender…","İnsanlar: Akrabalar, Arkadaşlar, Düşmanlar...","Ihmiset: Sukulaiset, Ystävät, Viholliset…",افراد: بستگان، دوستان، دشمنان...,"Folk: Slægtninge, Venner, Fjender...","Orang-orang: Sanak saudara, Teman, Musuh…","Lidé: příbuzní, přátelé, nepřátelé...","Emberek: Rokonok, barátok, ellenségek . . .","Людзі: сваякі, сябры, ворагі","Люди: родичі, друзі, вороги...",ሕዝብ,"Watu: Jamaa, Marafiki, Maadui","Хората: роднини, приятели, врагове...","Ljudi: Rođaci, prijatelji, neprijatelji…","Homoj: parencoj, amikoj, malamikoj…"
6,1055,Human Characteristics 1,Características Humanas 1,Caractéristiques Humaines 1,人的特徵一,Menschliche Eigenschaften 1,人間の特性1,Caratteristiche Umane 1,Menselijke trekken 1,Человеческие качества 1,Características Humanas 1,사람의 특징1,Ανθρώπινα χαρακτηριστικά 1,صفات الإنسان 1,תכונות אופי 1,ลัษณะมนุษย์ 1,Naturales Humani I,மனித பண்புகள் 1,मानवीय अभिलक्षण १,Cechy charakterystyczne człowieka 1,Katangiang Pantao 1,Människoegenskaper 1,Caracteristicile umane 1,Menneskelige egenskaper 1,İnsan Özellikleri 1,Luonteenpiirteet 1,صفات انسان‌ها 1,Menneskelige kendetegn 1,Sifat Manusia 1,Popis člověka 1,Emberi vonások 1,Чалавечыя якасці 1,Людські якості 1,ጠባይ,Tabia za watu 1,Човешките качества 1,Ljudske karakteristike 1,Homaj proprecoj 1
7,1057,Human Characteristics 2,Características Humanas 2,Caractéristiques Humaines 2,人的特徵二,Menschliche Eigenschaften 2,人間の特性2,Caratteristiche Umane 2,Menselijke trekken 2,Человеческие качества 2,Características Humanas 2,사람의 특징 2,Ανθρώπινα χαρακτηριστικά 2,صفات الإنسان 2,תכונות אופי 2,ลักษณะมนุษย์ 2,Naturales Humani II,மனித பண்புகள் 2,मानवीय अभिलक्षण २,Cechy charakterystyczne człowieka 2,Katangiang Pantao 2,Människoegenskaper 2,Caracteristicile umane 2,Menneskelige egenskaper 2,İnsan Özellikleri 2,Luonteenpiirteet 2,صفات انسان‌ها 2,Menneskelige kendetegn 2,Sifat Manusia 2,Popis člověka 2,Emberi vonások 2,Чалавечыя якасці 2,Людські якості 2,ጠባይ2,Tabia za watu 2,Човешките качества 2,Ljudske karakteristike 2,Homaj proprecoj 2
8,1060,"Feelings, Senses","Sentimientos, sensaciónes","Sentiments, Sens","感覺, 感官","Gefühle, Sinne",気持ち、感覚,"Sentimenti, Sensi","Gevoel, Zintuigen","Чувства, ощущения","Sentimentos, Sentidos",감정과 감각,"Συναισθήματα, αισθήσεις","المشاعر , الأحاسيس","רגשות, תחושות",ความรู้สึก การรู้สึกได้,Sensus,"உணர்வுகள், புலன்கள்","विभिन्न इन्द्रियों, अनुभवों के बारे में","Uczucia, Zmysły","Saloobin, Pakiramdam","Känslor, Sinnen","Sentimente, simțuri","Følelser, Sanser",Duygular,"Tunteet, Aistit",احساسات و عواطف,"Følelser, Sanser","Perasaan, Indera","Pocity, smysly","Érzelmek, Érzékek","Пачуцці, адчуванні","Почуття, відчуття",ስሜት,"Hisia, Nadhari","Чувствата, осезанията","Osjećaji, osjetila","Sentoj, sensoj"
9,1070,"Health, Medicine, Hygiene","Salud, medicina, higiene","Santé, Médecine, Hygiène","健康, 醫學, 衛生學","Gesundheit, Medizin, Hygiene",健康、薬、衛生,"Salute, Medicina, Igiene","Gezondheid, Geneeskunde, Hygiëne","Здоровье, медицина, гигиена","Saúde, Medicamentos, Higiene","건강, 의학, 위생","Υγεία, ιατρική, υγιεινή","الصحة , الطب , النظافة","בריאות, תרופות, היגיינה",สุขภาพ ยา สุขลักษณะ,"Salus, Medicina, Hygiena","சுகாதாரம், மருத்துவம், சுத்தம்","स्वास्थ्य, औषध, शुचिता","Zdrowie, medycyna, higiena","Kalusugan, Medisina, Kalinisan","Hälsa, Medicin, Hygien","Sănatate, Medicină, Igienă","Helse, Medisin, Hygiene","Sağlık, Tıp, Hijyen","Terveys, Lääkkeet, Hygienia",سلامتی، دارو، بهداشت,"Sundhed, Medicin, Hygiejne","Kesehatan, Obat, Ilmu Kesehatan","Zdraví, medicína, hygiena","Egészségügy, gyógyszerek, higiénia","Здароўе, медыцына, гігіена","Здоров`я, медицина, гігієна",ጤና,"Afya, Dawa, Usafi","Здраве, медицина, хигиена","Zdravlje, medicina, higijena","Sano, kuracado, higieno"
10,1075,Education 1,Enseñanza 1,Éducation 1,教育一,Unterricht 1,教育1,Educazione 1,Onderwijs 1,Образование 1,Educação 1,교육1,Εκπαίδευση 1,التعليم 1,חינוך 1,การศึกษา 1,Disciplina I,கல்வி 1,शिक्षा १,Edukacja 1,Edukasyon 1,Utbildning 1,Educație 1,Utdanning 1,Eğitim 1,Koulutus 1,آموزش و پرورش 1,Uddannelse 1,Pendidikan 1,Vzdělání 1,Oktatás 1,Адукацыя 1,Освіта 1,ትምህርት,Masomo 1,Образование 1,Obrazovanje 1,Instruado 1
11,1077,Education 2,Enseñanza 2,Éducation 2,教育二,Unterricht 2,教育2,Educazione 2,Onderwijs 2,Образование 2,Educação 2,교육2,Εκπαίδευση 2,التعليم 2,חינוך 2,การศึกษา 2,Disciplina II,கல்வி 2,शिक्षा २,Edukacja 2,Edukasyon 2,Utbildning 1,Educație 2,Utdanning 2,Eğitim 2,Koulutus 2,آموزش و پرورش 2,Uddannelse 2,Pendidikan 2,Vzdělání 2,Oktatás 2,Адукацыя 2,Освіта 2,ትምህርት2,Masomo 2,Образование 2,Education 2,Instruado 2
12,1080,"Work, Business, Office","Trabajo, negocios, oficina","Travail, Affaires, Bureau","工作, 事務, 辦公室","Arbeit, Geschäft, Geschäftstelle",住居、家具、家庭用品仕事、ビジネス、オフィス,"Lavoro, Affari, Ufficio","Werk, Zaken, Kantoor","Работа, бизнес, офис","Trabalho, Negócios, Escritório","일, 비즈니스, 사무실","Η εργασία, επιχείρηση, γραφείο","الوظيفة , العمل , المكتب","עבודה, עסק, משרד",งาน ธุรกิจ ที่ทำงาน,"Labor, Negotitatio,","வேலை, வியாபாரம், அலுவலகம்","कार्य, व्यापार, कार्यालय","Praca, Biznes, Biuro","Trabaho, Negosyo, Opisina","Jobb, Affärer, Kontor","Muncă, Afacere, Birou","Jobb, Forretning, Kontor","İş, Ticaret, Ofis","Työ, Liike-elämä, Toimisto",کار، تجارت، اداره,"Arbejde, Forretning, Kontor","Kerja, Bisnis, Perkantoran","Práce, podnikání, kancelář","Munka, üzlet, iroda","Праца, бізнес, офіс","Робота, бізнес, офіс",ሥራ,"Kazi, Biashara, Ofisi","Работа, бизнес, офис","Posao, poslovanje, ured","Laboro, negoco, oficejo"
13,1085,Profession,Profesión,Profession,行業,Beruf,職業,Professioni,Beroep,Профессия,Profissão,직업,Το επάγγελμα,المهنة,מקצוע,อาชีพ,Professio,உத்யோகம்,व्यवसाय,Zawód,Propesyon,Yrke,Profesie,Yrke,Meslek,Ammatti,شغل,Profession,Pekerjaan,Profese,Szakma,Прафесія,Професія,ሞያ,Amali,Професия,Zanimanje,Profesio
14,1090,"Religion, Politics, Military, Science","Religión, Política, Militar, Ciencia","Religion, La Politique, Militaires, La Science","宗教, 政治, 軍事, 科學","Religion, Politik, Militär, Wissenschaft",宗教、政治、軍隊、科学,"Religione, Politica, Militari, Scienze","Religie, Politiek, Krijgsmacht, Wetenschap","Религия, политика, армия, наука","Religião, Política, Militarismo, Ciência","종교, 정치, 군사, 과학","Η θρησκεία, πολιτική, στρατός, επιστήμη","الدين , السياسة , الجيش , العلم","דת, פוליטיקה, צבאית, מדע",ศาสนา การเมือง การทหาร วิทยาศาสตร์,"Religio, Civilitas, Exercitus, Scientia","மதம், அரசியல், இராணுவம், அறிவியல்","धर्म, राजनीति, फौज, विज्ञान","Religia, Polityka, Wojsko, Nauka","Relihiyon, Politika, Militar, Syensya","Religion, Politik, Militärvetenskap","Religie, Politică, Armată, Știință","Religion, Politikk, Militæret, Vitenskap","Din, Politika, Askeri, Bilim","Uskonto, Politiikka, Armeija, Tiede",مذهب، سیاست، ارتش، علوم,"Religion, Politik, Militær, Videnskab","Agama, Politik, Militer, Ilmu Pengetahuan","Náboženství, politika, armáda, věda","Vallás, politika, katonaság, tudomány","Рэлігія, палітыка, войска, навука","Релігія, політика, армія, наука",ሃይማኖት,"Dini, Siasa, Jeshi, Sayansi","Религия, политика, армия, наука","Religija, politika, vojska, znanost","Religio, politiko, militaferoj, scienco"
15,1100,"Sports, Games, Hobbies","Deportes, Juegos, Afición","Sports, Jeux, Passe-temps","體育, 比賽, 嗜好","Sport, Spiele, Hobby",スポーツ、ゲーム、趣味,"Sport, Giochi, Tempo Libero","Sports, Games, Hobbies","Спорт, игры, хобби","Desportos, Jogos, Hobbies","스포츠, 게임, 취미","Ο αθλητισμός, παιχνίδια, χόμπι","الرياضة , الألعاب , الهوايات","ספורט, משחקים, תחביבים",กีฬา เกมส์ งานอดิเรก,"Ludi, Requies","விளையாட்டு, ஆட்டங்கள், பொழுதுபோக்குகள்","खेल-कूद, खेलें ,शौक","Sporty, Gry, Hobby","Palakasan, Laro, Libangan","Sport, Spel, Hobby","Sport, Jocuri, Interese","Sport, Spill, Hobby","Spor, Oyunlar, Hobi","Urheilu, Pelit, Harrastukset",ورزش ، بازی، سرگرمی,"Sport, Spil, Hobbyer","Olah raga, Permainan, Hobi","Sporty, hry, koníčky","Sport, játékok, hobbi","Спорт, гульні, хобі","Спорт, ігри, хоббі",ስፖርት,"Michezo, Michezo, changamko","Спорт, игра, хоби","Sport, igre, hobiji","Sporto, ludoj, hobio"
16,1110,"Entertainment, Art, Music","Entretenimiento, Arte, Música","Divertissement, Art, Musique","娛樂, 藝術, 音樂","Unterhaltung, Kunst, Musik",エンターテインメント、芸術、音楽,"Intrattenimento, Arte, Musica","Vermaak, Kunst, Muziek","Развлечения, искусство, музыка","Entretenimento, Arte, Música","오락, 예술, 음악","Ψυχαγωγία, τέχνη, μουσική","الترفيه , الفن , الموسيقا","בידור, אומנות, מוסיקה",ความบันเทิง ศิลปะ ดนตรี,"Ludi, Ars, Musica","பொழுதுபோக்கு, கலை, இசை","मनोरंजन, कला, संगीत","Rozrywka, Sztuka, Muzyka","Paglilibang, Sining, Musika","Underhållning, Konst, Musik","Divertisment, Artă, Muzică","Underholdning, Kunst, Musikk","Eğlence, Sanat, Müzik","Viihde, Taide, Musiikki",سرگرمی، هنر، موسیقی,"Underholdning, Kunst, Musik","Hiburan, Seni, Musik","Zábava, umění, hudba","Szórakozás, művészet, zene","Забавы, мастацтва, музыка","Розваги, мистецтво, музика",ማዝናኛ,"Kutumbuizwa, Sanaa, Muziki","Развлечение, изкуство, музика","Zabava, umjetnost, glazba","Distro, arto, muziko"
17,1120,"Food, Restaurants, Kitchen 1","Comida, Restaurantes, Cocina 1","Nourriture, Restaurants, Cuisine 1","食物, 餐廳, 廚房一","Essen, Restaurants, Küche 1",食物、レストラン、台所1,"Cibo, Ristoranti, Cucina 1","Eten, Restaurants, Keuken 1","Еда, рестораны, кухня 1","Comida, Restaurantes, Cozinha 1","음식, 식당, 주방 1","Τρόφιμα, εστιατόρια, κουζίνα 1","الغذاء , المطاعم , المطبخ 1","אוכל, מסעדות, מטבח 1",อาหาร ภัตตาคาร ห้องครัว 1,"Cibus, Bracinae, Culina I","உணவு, உணவகங்கள்,சமையலறை 1","भोजन, रेस्तरां, रसोई १","Jedzenie, Restauracje, Kuchnia 1","Pagkain, Kainan, Kusina 1","Mat, Restauranger, Kök 1","Mâncare, Restaurante, Bucătărie 1","Mat, Restauranter, Kjøkken 1","Yiyecek, Restoranlar, Mutfak 1","Ruoka, Ravintolat, Keittiö 1",غذاها، رستوران‌ها و آشپزخانه 1,"Mad, Restauranter, Køkken 1","Makanan, Restoran, Dapur 1","Jídlo, restaurace, kuchyně 1","Ételek, éttermek, konyha 1","Ежа, рэстараны, кухня 1","Їжа, ресторани, кухня 1",ምግብ,"Vyakula, Mikahawa, Jikoni 1","Ядене, ресторанти, кухня 1","Hrana, restorani, kuhinja 1","Manĝo, restoracio, kuirejo 1"
18,1125,"Food, Restaurants, Kitchen 2","Comida, Restaurantes, Cocina 2","Nourriture, Restaurants, Cuisine 2","食物,餐廳, 廚房二","Essen, Restaurants, Küche 2",食物、レストラン、台所2,"Cibo, Ristoranti, Cucina 2","Eten, Restaurants, Keuken 2","Еда, рестораны, кухня 2","Comida, Restaurantes, Cozinha 2","음식, 식당, 주방 2","Τρόφιμα, εστιατόρια, κουζίνα 2","الغذاء , المطاعم , المطبخ 2","אוכל, מסעדות, מטבח 2",อาหาร ภัตตาคาร ห้องครัว 2,"Cibus, Bracinae, Culina II","உணவு, உணவகங்கள், சமையலறை 2","भोजन, रेस्तरां, रसोई २","Jedzenie, Restauracje, Kuchnia 2","Pagkain, Kainan, Kusina 2","Mat, Restauranger, Kök 1","Mâncare, Restaurante, Bucătărie 2","Mat, Restauranter, Kjøkken 2","Yiyecek, Restoranlar, Mutfak 2","Ruoka, Ravintolat, Keittiö 2",غذاها، رستوران‌ها و آشپزخانه 2,"Mad, Restauranter, Køkken 2","Makanan, Restoran, Dapur 2","Jídlo, restaurace, kuchyně 2","Ételek, éttermek, konyha 2","Ежа, рэстараны, кухня 2","Їжа, ресторани, кухня 2",ምግብ2,"Vyakula, Mikahawa, Jikoni 2","Ядене, ресторанти, кухня 2","Hrana, restorani, kuhinja 1","Manĝo, restoracio, kuirejo 2"
19,1130,"Greetings, Requests, Welcomes, Farewells","Saludos, Peticiones, Bienvenidas, Despedidas","Salutations, Demandes, Bienvenues, Adieux","問候, 請求, 歡迎, 告別","Grüße, Bitten, Begrüßungen, Abschied",挨拶、依頼、歓迎、送別　,"Saluti, Richieste, Benvenuti, Addii","Groeten, Verzoeken, Welkom heten, Afscheid nemen","Приветствия, обращения, прощания","Saudações, Solicitações, Boas Vindas, Despedidas","인사, 요청, 환영, 작별","Οι χαιρετισμοί, Ζητήστε, Καλωσορίστε, τα αντίο",التحيات، الطلبات، الترحيب ، الوداع,"ברכות , בקשות , קבלות פנים , פרידות",การทักทาย ขอ ต้อนรับ อำลา,Absent,"வாழ்த்துக்கள், வேண்டுகோள்கள், வரவேற்புகள், விடைபிரிவுகள்","अभिनन्दन, निवेदन, स्वागत, विदाई","Pozdrowienia, Prośby, Powitania, Pożegnania","Pagbati, Hiling, Pagtangkilik at Pamamaalam","Att hälsa, Förfrågningar, Välkomster, Farväl","Saluturi, Cereri, Întâmpinări, Rămas bun","Hilsninger, Invitasjoner, Velkomster, Avskjeder","Selamlaşma, Rica, Hitap, Uğurlama","Tervehdykset, Pyynnöt, Tervetulotoivotukset, Jäähyväiset",احوال پرسی، تقاضا کردن، خوش‌آمدگویی و خداحافظی,"Hilsener, Anmodninger, Velkomster, Afskeder","Ucapan-ucapan Salam, Permintaan, Penyambutan, Perpisahan","Pozdravy, prosby, uvítání, loučení","Köszönés, kérés, üdvözlés, búcsúzás","Вітанкі, звароты, развітанні","Привітання,звертання,прощання",ሰላምታ,"Salamu, Maombi, Makaribisho, Maagano","Поздрави, молби, обръщения, сбогувания","Pozdravi, molbe, dobrodošlice, opraštanja","Saluto, peto, bonvenoj, adiaŭo"
20,1140,"House, Furniture, and Household Objects","Casa, Mobiliario, Objetos de casa","Chambre, Meubles, Objets De Chambre","房子, 傢具, 裝飾品","Haus, Mobiliar, Hausrat",住居、家具、家庭用品,"Casa, Mobilio, Oggetti di Casa","Huis, Meubilair, Huiselijke Voorwerpen","Дом, мебель, домашние предметы","Casa, Mobília, Objectos de Casa","집, 가구, 집안의 물건들","Σπίτι, έπιπλα, και οικιακά αντικείμενα","البيت , الأثاث , الأغراض المنزلية","בית , רהיטים משק בית",บ้าน เฟอร์นิเจอร์ และของในบ้าน,"Domus, Supellex, Rei Aedificii","வீடு, தட்டுமுட்டு சாமான்கள், மற்றும் வீட்டு உபயோக பொருள்கள்","घर, फर्नीचर, और घरेलू वस्तुएं","Dom, Meble, Urządzenia domowe","Bahay, Muwebles, at mga Gamit sa Bahay","Hus, Möbler och Hushållsobjekt","Casă, Mobilă, Obiectele din casă","Hus, møbler og ting i huset","Ev, Mobilya, Ev eşyaları","Talo, Huonekalut ja Kodin Esineet",خانه، اثاثیه و لوازم خانه‌داری,"Hus, Møbler og Husholdningsgenstande","Rumah, Perabotan, dan Barang-barang Rumah Tangga","Dům, nábytek, vybavení domácnosti","Ház, bútor, háztartásbeli eszközök","Дом, мэбля, хатняе абсталяванне","Будинок, меблі, домашні предмети.",ቤት,"Nyumba, Fanicha, Samani za nyumba","Къща, мебели, предмети от бита","Kuća, namještaj, i kućanski predmeti","Hejmo, meblaro, mastrumado"
21,1145,Tools,Instrumentos,Outils,工具,Werkzeuge,道具,Strumenti,Gereedschap,Инструменты,Ferramentas,도구,Τα εργαλεία,الأدوات,כלים,เครื่องมือ,Instrumenta,கருவிகள்,औज़ार,Narzędzia,Kasangkapan,Verktyg,Unelte,Verktøy,Araç-gereçler,Työkalut,ابزار,Værktøj,Peralatan,Nástroje,Eszközök,Інструменты,Інструменти,መሣሪያ,Vifaa,Инструменти,Alati,Iloj
22,1150,"City, Streets, Transportation","Ciudad, Calles, Transporte","Ville, Rues, Transport","城市, 街道, 運輸","Stadt, Straßen, Transport",都市、道路、交通機関｜大都市で迷子にならないで。どうしたらオペラハウスに着くことができるか尋ねてください。,"Città, Strade, Trasporti","Stad, Straten, Vervoer","Город, улицы, транспорт","Cidade, Ruas, Transporte","도시, 거리, 교통","Η πόλη, οδοί, μεταφορά","المدينة , الشوارع , المواصلات","עיר, רחובות, תחבורה",เมือง ถนน การขนส่ง,"Urbs, Viae, Vehicula","மாநகரம், தெருக்கள், போக்குவரத்து","शहर, गलियां, परिवहन","Miasto, Ulice, Transport","Lunsod, Kalye, Transportasyon","Stad, Vägar, Transport","Oraș, Străzi, Transport","By, Veier, Transport","Şehir, Cadde, Ulaşım","Kaupunki, Kadut, Kulkuneuvot",شهر، خیابان‌ها، ترابری,"By, Gader, Transport","Kota, Jalanan, Transportasi","Města, ulice, doprava","Városok, utcák, közlekedés","Горад, вуліцы, транспарт","Місто, вулиці, транспорт",ከተማ,"Jiji, Mitaa, Usafiri","Град, улица, транспорт","Grad, ulice, prijevoz","Urbo, stratoj, tansporto"
23,1155,Car,Coche,Voiture,汽車,Auto,自動車,Automobile,Auto,Автомобиль,Carro,자동차,Το αυτοκίνητο,سيارة,מכונית,รถ,Autoraeda,கார்,कार,Samochód,Kotse,Bil,Mașina,Bil,Otomobil,Auto,ماشین,Bil,Mobil,Auto,Autózás,Аўтамабіль,Автомобіль,መኪና,Gari,Кола,Auto,Aŭto
24,1160,"Buildings, Organizations","Edificios, Organizaciones","Bâtiments, Organisations","大廈, 團體","Gebäude, Organisationen",建築物、組織,"Edifici, Organizzazioni","Gebouwen, Organisaties","Строения, организации","Monumentos, Organizações","건물, 기관","Τα κτήρια, Οργανώσεις",البنايات، المنظمات,"בנינים, ארגונים",ตึก องค์กร,"Aedificia, Constitutiones","கட்டிடங்கள், அமைப்புகள்","इमारतें, संगठन","Budynki, Organizacje","Mga Gusali, Organisasyon","Byggnader, Organisationer","Clădiri, Organizații","Bygninger, Organisasjoner","Binalar, Organizasyonlar","Rakennukset, Organisaatiot",ساختمان‌ها و سازمان‌ها,"Bygninger, Organisationer","Bangunan, Organisasi","Budovy, organizace","Épületek, szervezetek","Пабудовы, арганізацыі","Будови, організації",ሕንፃ,"Majumba, Mashirika","Сгради, организации","Zgrade, organizacije","Konstruaĵoj, organizaĵoj"
25,1170,"Money, Shopping","Dinero, De compras","Argent, Shopping","金錢, 購物","Geld, einkaufen",お金、買い物,"Soldi, Shopping","Geld, Winkelen","Деньги, покупки","Dinheiro, Compras","돈, 쇼핑","Τα χρήματα, αγορές",المال، التسوق,"כסף, קניות",เงิน ช็อปปิ้ง,"Pecunia, Obsonare","பணம், ஷாப்பிங்","धन, खरीदारी","Pieniądze, Zakupy","Pera, Pamimili","Pengar, Shopping","Bani, Cumpărături","Penger, Shopping","Para, Alışveriş","Raha, Ostosten Tekeminen",پول، خرید کردن,"Penge, Indkøb","Uang, Belanja","Peníze, nakupování","Pénz, bevásárlás","Грошы, пакупкі","Гроші, покупки",ገንዘብ,"Pesa, Ununuzi","Пари, покупки","Novac, kupovina","Mono, aĉetado"
26,1180,Clothing 1,Ropa 1,Habillement 1,穿衣一,Kleidung 1,衣服1,Abbigliamento 1,Kleding 1,Одежда 1,Roupas 1,옷 1,Ενδυμασία 1,الملابس 1,בגדים 1,เสื้อผ้า 1,Vestes I,உடை 1,पौशाक १,Ubrania 1,Pananamit 1,Klädsel 1,Îmbrăcăminte 1,Klær 1,Giyim 1,Vaatetus 1,پوشاک 1,Tøj 1,Pakaian 1,Oblečení 1,Ruházat 1,Адзенне 1,Одяг 1,ልብስ,Mavazi 1,Облекло 1,Odjeća 1,Vestoj 1
27,1185,Clothing 2,Ropa 2,Habillement 2,穿衣二,Kleidung 2,衣服2,Abbigliamento 2,Kleding 2,Одежда 2,Roupas 2,옷2,Ενδυμασία 2,الملابس 2,בגדים 2,เสื้อผ้า 2,Vestes II,உடை 2,पौशाक २,Ubrania 2,Pananamit 2,Klädsel 2,Îmbrăcăminte 2,Klær 2,Giyim 2,Vaatetus 2,پوشاک 2,Tøj 2,Pakaian 2,Oblečení 2,Ruházat 2,Адзенне 2.,Одяг 2,ልብስ2,Mavazi 2,Облекло 2,Odjeća 2,Vestoj 2
28,1190,Time 1,Tiempo 1,Temps 1,時間一,Zeit 1,時間1,Tempo 1,Tijd 1,Время 1,Tempo 1,시간1,Ο χρόνος 1,الوقت 1,הזמן 1,เวลา 1,Tempus I,நேரம் 1,समय १,Czas 1,Oras 1,Tid 1,Timpul 1,Tid 1,Zaman 1,Aika 1,زمان 1,Tid 1,Waktu 1,Čas 1,Idő 1,Час 1,Час 1,ጊዜ,Mda 1,Време 1,Vrijeme 1,Tempo 1
29,1195,Time 2,Tiempo 2,Temps 2,時間二,Zeit 2,時間2,Tempo 2,Tijd 2,Время 2,Tempo 2,1시간2,Ο χρόνος 2,الوقت 2,הזמן 2,เวลา 2,Tempus II,நேரம் 2,समय २,Czas 2,Oras 2,Tid 2,Timp 2,Tid 2,Zaman 2,Aika 2,زمان 2,Tid 2,Waktu 2,Čas 2,Idő 2,Час 2,Час 2,ጊዜ2,Mda 2,Време 2,Vrijeme 2,tempo 2
30,1200,Numbers,Números,Nombres,數字,Zahlen,数,Numeri,Getallen,Числа,Números,숫자,Αριθμοί,أعداد,מספרים,ตัวเลข,Numeri,எண்கள்,अंक,Liczby,Numero,Nummer,Numere,Tall,Rakamlar,Numerot,اعداد,Tal,Angka,Čísla,Számok,Лік,Числа,ቁጥር,Nambari,Цифри,Brojevi,Nombroj
31,1210,"Geography: Countries, Cities...","Geografía: Países, Ciudades...","Géographie: Pays, Villes","地理: 國家, 城市...","Geografie: Länder, Städte…",地理: 国、都市など,"Geografia: Stati, Città","Geografie: Landen, Steden…","География: страны, города...","Geografia: Países, Cidades...",지리,"Γεωγραφία: Χώρες, πόλεις...",الجغرافية: البلدان، المدن. . .,"גיאוגרפיה : ארצות, ערים...",ภูมิศาสตร์: ประเทศ เมือง...ฉันรู้จักโลกที่คูณอาศัยอยู่,"Geographia: Nationes, Urbes…","புவியியல்: நாடுகள், நகரங்கள் ...","भूगोल: देश, शहर…","Geografia: Kraje, Miasta","Heograpiya: Mga Bansa, Siyudad…","Geografi: Länder, Städer…","Geografie: Țări, Orașe…","Geografi: Land, Byer…","Coğrafya: Ülkeler, Şehirler","Maantieto: Maat, Kaupungit…",جغرافیا,"Geografi: Lande, Byer...","Geografi: Negara-negara, Kota-kota...","Zeměpis: Země, města,..","Egy kis földrajz: országok, városok…","Геаграфія: краіны, гарады…","Географія: країни, міста...",መልክአ ምድር,"Geografia: nchi, Majiji…","География: страни, градове…","Zemljopis: Države, gradovi...","Geografio: landoj, urboj. Ekkonu la mondon kie Vi vivas."
32,1220,Nature,Naturaleza,La nature,自然,Natur,自然,La natura,Natuur,Природа,Natureza,자연,Φύση,الطبيعة,טבע,ธรรมชาติ,Natura,இயற்கை,प्रकृति,Natura,Kalikasan,Natur,Natura,Natur,Tabiat,Luonto,طبیعت,Natur,Alam,Příroda,Természet,Прырода,Природа,ሥነ ፍጥረት,Hulka,Природа,Priroda,Naturo
33,1225,Weather,Clima,Le Temps,天氣,Wetter,天気,Tempo Atmosferico,Weer,Погода,Clima,날씨,Καιρός,الطقس,מזג אויר,ภูมิอากาศ,Tempestus,வானிலை,मौसम,Pogoda,Panahon,Väder,Clima,Vær,Hava Durumu,Sää,آب‌وهوا,Vejr,Cuaca,Počasí,Az időjárás,Надвор`е,Погода,አየር,Hali ya hewa,Време,Vremenske prilike,Vetero
34,1230,"Materials, Substances, Objects, Tools","Materiales, Sustancias, Objetos, Instrumentos","Matériaux, Substances, Objets","材料, 物質, 物體, 工具","Materialien, Stoffe, Objekte, Werkzeuge",材料、物質、物体、道具,"Materiali, Sostanze, Oggetti, Strumenti","Materialen, Stoffen, Dingen, Gereedschap","Материалы, вещества, предметы","Materiais, Substâncias, Objectos, Ferramentas","물질, 재료, 물체, 도구","Υλικά, ουσίες, αντικείμενα, εργαλεία",المواد، مواد أولية، أجسام، أدوات,"מצרכים, חומרים, חפצים, כלים",วัสดุ สสาร วัตถุ เครื่องมือ,Materia,"செய்பொருட்கள், வஸ்துக்கள், பொருள்கள், கருவிகள்","सामग्री, पदार्थ, वस्तु, औज़ार","Materiały, Substancje, Przedmioty, Narzędzia","Mga Materyales, Sustansiya, Bagay, Kasangkapan","Material, Substanser, Objekt, Verktyg","Materiale, Substanțe, Obiecte, Unelte","Materiell, Stoffer, Ting, Verktøy","Materyaller, Madde, Cisim","Materiaalit, Aineet, Esineet, Työkalut",مواد، اجسام، اشیا و ابزار,"Materialer, Stoffer, Genstande, Værktøj","Bahan, Unsur, Obyek, Peralatan","Materiály, látky, objekty, nástroje","Anyagok, hatóanyagok, tárgyak és eszközök.","Матэрыялы, рэчы, прадметы","Матеріали, речовини, предмети",ሥረ ነገር፤ አቃ፣ መሣሪያ,"Nyenzo, nyenzo, vitu, vifaa","Материали, вещества, предмети, инструменти","Materijali, tvari, predmeti, alati","Materialoj, ŝtofoj, objektoj, iloj."
35,1240,Colors,Colores,Couleurs,顏色,Farben,色,Colori,Kleuren,Цвета,Cores,색상,Χρώματα,الألوان,צבעים,สี,Color,நிறங்கள்,रंग,Kolory,Kulay,Färger,Culori,Farger,Renkler,Värit,رنگ‌ها,Farver,Warna-warni,Barvy,Színek,Колер,Кольори.,ቀለም,Rangi,Цветове,Boje,Koloroj
36,1250,"Measures, Measurements",Medidas,Mesures,"措施, 測量","Maße, Messungen",測定、測定値,Misure,"Maten, Afmetingen",Измерения,"Medidas, Medições",단위 측정,"μέτρα, μετρήσεις",وحدات القياس ، المقاييس,"מכשירי מדידה, מדידות",ขนาด การวัด,Dimensiones,"அளவுகள், அளவைகள்","साधन, माप","Miary, Pomiary","Sukat, Batayan ng Sukat",Mätningar,"Măsuri, Măsurători","Størrelser, Måleenheter","Ölçü, Ölçümler","Mitat, Mittaaminen",مقیاس و اندازه گیری,"Mål, Måleenheder","Ukuran, Pengukuran","Míry, měření","Mértékek, mérések",Вымярэнні,Одиницi вимiру,መጠን,"Kupima, Vipimo","Мерки, измервания","Mjere, mjerenja","Mezuroj, mezurado"
37,1260,"Movement, Directions","Movimiento, Direcciones","Mouvement, Directions","運動, 方向","Bewegung, Richtungen",移動、道案内,"Movimento, Direzioni","Beweging, Richtingen","Движение, направления","Movimento, Direcções","이동, 방향","Μετακίνηση, οδηγίες",الحركة، الإتجاهات,"תנועה, כיוונים",การเคลื่อนไหว ทิสทาง,"Motus, Cursus","இயக்கம், திசைகள்","गति, दिशा","Ruch, Kierunki","Galaw, Direksyon","Rörelse, Direktion","Mișcare, Direcție","Bevegelse, Retninger","Hareket, Yönler","Liike, Suunnat",حرکت، جهت‌ها,"Bevægelser, Retninger","Gerakan, Arah","Pohyb, směry","Mozgás, irány","Рух, накірункі","Рух, напрямки",እንቅስቃሴ,"Kusonga, Pande","Движение, посоки","Kretanje, uputstva","Movo, direkto"
38,1270,Various Adjectives,Varios Adjetivos,Divers Adjectifs,各種各樣的形容詞,Diverse Adjektive,様々な形容詞,Vari Aggettivi,Verschillende Bijvoeglijke naamwoorden,Различные прилагательные,Vários Adjectivos,다양한 형용사,Διάφορα επίθετα,صفات متنوعة,שמות תואר שונים,คำคุณศัพท์ที่หลากหลาย,Adposita Varia,பல்வேறு பெயரடைகள்,विभिन्न विशेषण,Różne Przymiotniki,Iba`t ibang Pang-uri,Olika adjektiv,Adjective diverse,Forskjellige adjektiv,Çeşitli sıfatlar,Erilaiset Adjektiivit,صفات گوناگون,Diverse tillægsord,Berbagai Kata Sifat,Různá přídavná jména,Különféle melléknevek,Разнастайныя прыкметнікі,Різні прикметники,ቅጽል,Vivumishi Mbalimbali,Различни прилагателни,Razni pridjevi,Diversaj adjektivoj
39,1280,Various Adverbs 1,Varios Adverbios 1,Divers Adverbes 1,各種各樣的副詞一,Diverse Adverben 1,様々な副詞1,Vari Avverbi 1,Verschillende Bijwoorden 1,Различные наречия 1,Vários Advérbios 1,다양한 부사1,Διάφορα επιρρήματα 1,ظروف متنوعة 1,תוארי פועל שונים 1,คำกริยาวิเศษณ์ที่หลากหลาย 1,Adverbia Varia I,பல்வேறு வினையடைகள் 1,विभिन्न क्रिया-विशेषण १,Różne Przysłówki 1,Iba`t ibang Pang-abay 1,Olika adverb 1,Adjective diverse 2,Forskjellige adverb 1,Çeşitli zarflar 1,Erilaiset Adverbit 1,قید‌های گوناگون 1,Diverse biord 1,Berbagai Kata Keterangan 1,Různá příslovce 1,Különféle határozószavak 1,Разнастайныя прыслоўі 1,Різні прислівники 1,ተውሳከ ግሥ,Vielezi Mbalimbali 1,Различни наречия 1,Razni prilozi 1,Diversaj adverboj 1
40,1285,Various Adverbs 2,Varios Adverbios 2,Divers Adverbes 2,各種各樣的副詞二,Diverse Adverben 2,様々な副詞2,Vari Avverbi 2,Verschillende Bijwoorden 2,Различные наречия 2,Vários Advérbios 2,다양한 부사2,Διάφορα επιρρήματα 2,ظروف متنوعة 2,תוארי פועל שונים 2,คำกริยาวิเศษณ์ที่หลากหลาย 2,Adverbia Varia II,பல்வேறு வினையடைகள் 2,विभिन्न क्रिया-विशेषण २,Różne Przysłówki 2,Iba`t ibang Pang-abay 2,Olika adverb 2,Adverbe diverse,Forskjellige adverb 2,Çeşitli zarflar 2,Erilaiset Adverbit 2,قیدهای گوناگون 2,Diverse biord 2,Berbagai Kata Keterangan 2,Různá příslovce 2,Különféle határozószavak 2,Разнастайныя прыслоўі 2,Різні прислівники 2,ተውሳከ ግሥ2,Vielezi Mbalimbali 2,Различни наречия 2,Razni prilozi 2,Diversaj adverboj 2
41,1290,Various Verbs 1,Varios Verbos 1,Divers Verbes 1,各種各樣的動詞一,Diverse Verben 1,様々な動詞1,Vari Verbi 1,Verschillende Werkwoorden 1,Различные глаголы 1,Vários Verbos 1,다양한 동사1,Διάφορα ρήματα 1,أفعال متنوعة 1,פעלים שונים 1,กริยาที่หลากหลาย 1,Actiones Variae I,பல்வேறு வினைச் சொற்கள் 1,विभिन्न क्रियाएं १,Różne Czasowniki 1,Iba`t ibang Pandiwa 1,Olika Verb 1,Verbe diverse 1,Forskjellige verb 1,Çeşitli fiiller 1,Erilaiset Verbit 1,فعل‌های گوناگون 1,Diverse udsagnsord 1,Berbagai Kata Kerja 1,Různá slovesa 1,Különféle igék 1,Разнастайныя дзеясловы 1,Різні дієслова 1,ግሥ,Viarifa Mbalimbali 1,Различни глаголи 1,Razni glagoli 1,Diversaj verboj 1
42,1295,Various Verbs 2,Varios Verbos 2,Divers Verbes 2,各種各樣的動詞二,Diverse Verben 2,様々な動詞2,Vari Verbi 2,Verschillende Werkwoorden 2,Различные глаголы 2,Vários Verbos 2,다양한 동사2,Διάφορα ρήματα 2,أفعال متنوعة 2,פעלים שונים 2,กริยาที่หลากหลาย 2,Actiones Variae II,பல்வேறு வினைச் சொற்கள் 2,विभिन्न क्रियाएं २,Różne Czasowniki 2,Iba`t ibang Pandiwa 2,Olika Verb 2,Verbe diverse 2,Forskjellige verb 2,Çeşitli fiiller 2,Erilaiset Verbit 2,فعل‌های گوناگون 2,Diverse udsagnsord 2,Berbagai Kata Kerja 2,Různá slovesa 2,Különféle igék 2,Разнастайныя дзеясловы 2,Різні дієслова 2,ግሥ2,Viarifa Mbalimbali 2,Различни глаголи 2,Razni glagoli 2,Diversaj verboj 2
43,1300,"Pronouns, Conjunctions, Prepositions","Pronombres, Conjunción, Preposiciones","Pronoms, Conjonctions, Prépositions","代詞, 連結詞, 介詞","Pronomen, Konjunktionen, Präpositionen",代名詞、接続詞、前置詞,"Pronomi, Congiunzioni, Preposizioni","Voornaamwoorden, Voegwoorden, Voorzetsels","Местоимения, союзы, предлоги","Pronomes, Conjunções, Preposições","대명사, 접속사, 전치사","Αντωνυμίες, κλίσεις, προθέσεις",الضمائر، إرتباطات، حروف جرّ,"כינוי-השם , מילות חיבור, מילות יחס",คำสรรพนาม คำสันธาน คำบุรพบท,"Conjugationes, Praepositiones","பதிலிடு பெயர்கள், இணைப்புச் சொற்கள், முன்னுருபுகள்","सर्वनाम, संयोजक, पूर्वसर्ग","Zaimki, Spójniki, Przyimki","Mga Panghalip, Pangatnig, Pang-ukol","Pronomen, konjunktion, prepositioner","Pronume, Conjucții, Prepoziții","Pronomen, konjunksjoner, preposisjoner","Zamirler, Bağlaçlar, Edatlar","Pronominit, Konjunktiot, Prepositiot",ضمائر، حروف ربط و حروف اضافه,"Stedord, Bindeord, Forholdsord","Kata Ganti, Kata Sambung, Kata Depan","Zájmena, spojky, předložky","És akkor néhány kiegészítés: névmások, kötőszavak és névelők","Займеннікі, злучнікі, прыназоўнікі","Займенники, сполучники, прийменники",ተውላጠ ስም፣ መጣመር፣ መስተዋደድ,"Viwakilishi, Viungo, Vijina","Местоимения, Съюзи, Предлози","Zamjenice, veznici, prijedlozi","Pronomoj, konjunkcioj, prepozicioj"
